Year,Economy,Country Name
2011,4.014183315,Africa Eastern and Southern
2012,1.972651702,Africa Eastern and Southern
2013,4.308369816,Africa Eastern and Southern
2014,3.986754398,Africa Eastern and Southern
2015,2.925590802,Africa Eastern and Southern
2016,2.019390628,Africa Eastern and Southern
2017,2.542297932,Africa Eastern and Southern
2018,2.475271736,Africa Eastern and Southern
2019,2.077897855,Africa Eastern and Southern
2010,5.152336462,Africa Eastern and Southern
2011,0.426354785,Afghanistan
2012,12.75228709,Afghanistan
2013,5.600744658,Afghanistan
2014,2.724543364,Afghanistan
2015,1.45131466,Afghanistan
2016,2.260314201,Afghanistan
2017,2.647003202,Afghanistan
2018,1.189228128,Afghanistan
2019,3.911603419,Afghanistan
2010,14.36244147,Afghanistan
2011,4.848350992,Africa Western and Central
2012,5.142964261,Africa Western and Central
2013,6.104240725,Africa Western and Central
2014,5.927349884,Africa Western and Central
2015,2.745936626,Africa Western and Central
2016,0.127594843,Africa Western and Central
2017,2.318041529,Africa Western and Central
2018,2.952230313,Africa Western and Central
2019,3.190336469,Africa Western and Central
2010,6.957010063,Africa Western and Central
2011,3.471976345,Angola
2012,8.542187643,Angola
2013,4.954544646,Angola
2014,4.822627568,Angola
2015,0.943571561,Angola
2016,-2.580049644,Angola
2017,-0.147212941,Angola
2018,-2.003629727,Angola
2019,-0.624644318,Angola
2010,4.403932543,Angola
2011,2.545406145,Albania
2012,1.4172428,Albania
2013,1.00201754,Albania
2014,1.774448855,Albania
2015,2.218726372,Albania
2016,3.314980684,Albania
2017,3.8022274,Albania
2018,4.019359686,Albania
2019,2.113419982,Albania
2010,3.70693815,Albania
2011,-0.008069753,Andorra
2012,-4.974443719,Andorra
2013,-3.547596515,Andorra
2014,2.504465521,Andorra
2015,1.434140395,Andorra
2016,3.70967807,Andorra
2017,0.34607189,Andorra
2018,1.58876549,Andorra
2019,2.015547638,Andorra
2010,-1.974958,Andorra
2011,3.80677751,Arab World
2012,5.041889676,Arab World
2013,2.965049447,Arab World
2014,2.557936971,Arab World
2015,3.00227567,Arab World
2016,3.200033666,Arab World
2017,0.929186997,Arab World
2018,2.397753222,Arab World
2019,2.050387512,Arab World
2010,4.776624422,Arab World
2011,6.928508599,United Arab Emirates
2012,4.483791985,United Arab Emirates
2013,5.053077855,United Arab Emirates
2014,4.41008526,United Arab Emirates
2015,5.060334864,United Arab Emirates
2016,2.984216091,United Arab Emirates
2017,2.373551057,United Arab Emirates
2018,1.189855642,United Arab Emirates
2019,3.411538686,United Arab Emirates
2010,1.602850048,United Arab Emirates
2011,6.003951693,Argentina
2012,-1.026420454,Argentina
2013,2.405323781,Argentina
2014,-2.512615321,Argentina
2015,2.731159828,Argentina
2016,-2.080327844,Argentina
2017,2.818502978,Argentina
2018,-2.617396463,Argentina
2019,-2.025934237,Argentina
2010,10.12539816,Argentina
2011,4.699999999,Armenia
2012,7.200000001,Armenia
2013,3.3,Armenia
2014,3.600000001,Armenia
2015,3.199999999,Armenia
2016,0.2,Armenia
2017,7.500000002,Armenia
2018,5.2,Armenia
2019,7.599999999,Armenia
2010,2.2,Armenia
2011,0,American Samoa
2012,-4.334828102,American Samoa
2013,-2.5,American Samoa
2014,1.762820513,American Samoa
2015,3.149606299,American Samoa
2016,-1.679389313,American Samoa
2017,-6.98757764,American Samoa
2018,2.671118531,American Samoa
2019,-0.487804878,American Samoa
2010,0.299850075,American Samoa
2011,-1.958612628,Antigua and Barbuda
2012,3.3728662,Antigua and Barbuda
2013,-0.600876397,Antigua and Barbuda
2014,3.795727613,Antigua and Barbuda
2015,3.825293099,Antigua and Barbuda
2016,5.496459204,Antigua and Barbuda
2017,3.14432324,Antigua and Barbuda
2018,6.883640817,Antigua and Barbuda
2019,4.862236166,Antigua and Barbuda
2010,-7.840594744,Antigua and Barbuda
2011,2.469746294,Australia
2012,3.917362463,Australia
2013,2.600211881,Australia
2014,2.562931521,Australia
2015,2.172204753,Australia
2016,2.741643069,Australia
2017,2.295926947,Australia
2018,2.87097248,Australia
2019,2.113149425,Australia
2010,2.172337091,Australia
2011,2.922797284,Austria
2012,0.680445577,Austria
2013,0.025504712,Austria
2014,0.661272849,Austria
2015,1.014501586,Austria
2016,1.989437162,Austria
2017,2.258572433,Austria
2018,2.501595119,Austria
2019,1.49121085,Austria
2010,1.837093677,Austria
2011,0.1,Azerbaijan
2012,2.16523943,Azerbaijan
2013,5.809800945,Azerbaijan
2014,2.75050703,Azerbaijan
2015,1.093975846,Azerbaijan
2016,-3.1,Azerbaijan
2017,0.2,Azerbaijan
2018,1.5,Azerbaijan
2019,2.5,Azerbaijan
2010,5.048944567,Azerbaijan
2011,4.032602496,Burundi
2012,4.446708222,Burundi
2013,4.924195261,Burundi
2014,4.240651644,Burundi
2015,-3.900003086,Burundi
2016,-0.600020001,Burundi
2017,0.500009999,Burundi
2018,1.609933082,Burundi
2019,1.842476677,Burundi
2010,5.124163303,Burundi
2011,1.694513899,Belgium
2012,0.739217283,Belgium
2013,0.459242193,Belgium
2014,1.578533143,Belgium
2015,2.041459009,Belgium
2016,1.266686409,Belgium
2017,1.619580278,Belgium
2018,1.819203664,Belgium
2019,2.149559681,Belgium
2010,2.864292708,Belgium
2011,2.963752919,Benin
2012,4.811223316,Benin
2013,7.191433721,Benin
2014,6.357679098,Benin
2015,1.77815106,Benin
2016,3.339673426,Benin
2017,5.671555469,Benin
2018,6.697259461,Benin
2019,6.865687336,Benin
2010,2.114064726,Benin
2011,6.622562613,Burkina Faso
2012,6.45267238,Burkina Faso
2013,5.792584845,Burkina Faso
2014,4.326845615,Burkina Faso
2015,3.921228794,Burkina Faso
2016,5.957976708,Burkina Faso
2017,6.203489411,Burkina Faso
2018,6.604569068,Burkina Faso
2019,5.688115149,Burkina Faso
2010,8.446281577,Burkina Faso
2011,6.464379123,Bangladesh
2012,6.521458781,Bangladesh
2013,6.013605658,Bangladesh
2014,6.061059359,Bangladesh
2015,6.552639879,Bangladesh
2016,7.113478213,Bangladesh
2017,7.284174423,Bangladesh
2018,7.86375358,Bangladesh
2019,8.152684149,Bangladesh
2010,5.571788188,Bangladesh
2011,2.10120575,Bulgaria
2012,0.754930386,Bulgaria
2013,-0.560493966,Bulgaria
2014,0.966869032,Bulgaria
2015,3.428054914,Bulgaria
2016,3.039825276,Bulgaria
2017,2.76217096,Bulgaria
2018,2.684576131,Bulgaria
2019,4.037592082,Bulgaria
2010,1.541801443,Bulgaria
2011,1.983515012,Bahrain
2012,3.72810843,Bahrain
2013,5.41683981,Bahrain
2014,4.350390853,Bahrain
2015,2.485378558,Bahrain
2016,3.558128119,Bahrain
2017,4.290949778,Bahrain
2018,2.136701347,Bahrain
2019,2.141376784,Bahrain
2010,4.334299173,Bahrain
2011,0.613384158,"Bahamas, The"
2012,3.086879177,"Bahamas, The"
2013,-3.583874663,"Bahamas, The"
2014,2.288147318,"Bahamas, The"
2015,1.589736702,"Bahamas, The"
2016,0.091146924,"Bahamas, The"
2017,1.625011976,"Bahamas, The"
2018,2.76704081,"Bahamas, The"
2019,0.702459097,"Bahamas, The"
2010,1.538385972,"Bahamas, The"
2011,0.959511247,Bosnia and Herzegovina
2012,-0.821836474,Bosnia and Herzegovina
2013,2.349856663,Bosnia and Herzegovina
2014,1.153851092,Bosnia and Herzegovina
2015,3.089164152,Bosnia and Herzegovina
2016,3.149806916,Bosnia and Herzegovina
2017,3.171434875,Bosnia and Herzegovina
2018,3.740071092,Bosnia and Herzegovina
2019,2.831002603,Bosnia and Herzegovina
2010,0.86566926,Bosnia and Herzegovina
2011,5.37870745,Belarus
2012,1.687135536,Belarus
2013,1.003470841,Belarus
2014,1.726384854,Belarus
2015,-3.829570558,Belarus
2016,-2.526446436,Belarus
2017,2.5321835,Belarus
2018,3.149197594,Belarus
2019,1.4,Belarus
2010,7.798266823,Belarus
2011,1.918252014,Belize
2012,2.421763142,Belize
2013,1.294084755,Belize
2014,4.037695674,Belize
2015,2.637862422,Belize
2016,-0.033233632,Belize
2017,1.813682033,Belize
2018,2.906069731,Belize
2019,1.762797913,Belize
2010,3.003527256,Belize
2011,-3.742744317,Bermuda
2012,-5.305299107,Bermuda
2013,-0.279708545,Bermuda
2014,-3.701067594,Bermuda
2015,0.7755297,Bermuda
2016,-0.657206304,Bermuda
2017,3.611419837,Bermuda
2018,-0.4328013,Bermuda
2019,0.459889943,Bermuda
2010,-2.502878289,Bermuda
2011,5.204092308,Bolivia
2012,5.122275767,Bolivia
2013,6.796011241,Bolivia
2014,5.460569676,Bolivia
2015,4.857187232,Bolivia
2016,4.263920838,Bolivia
2017,4.195206301,Bolivia
2018,4.223623511,Bolivia
2019,2.216705778,Bolivia
2010,4.126721957,Bolivia
2011,3.974423079,Brazil
2012,1.921175985,Brazil
2013,3.00482267,Brazil
2014,0.50395574,Brazil
2015,-3.545763393,Brazil
2016,-3.275916906,Brazil
2017,1.322869054,Brazil
2018,1.783666761,Brazil
2019,1.411152985,Brazil
2010,7.528225818,Brazil
2011,-0.673289183,Barbados
2012,-0.455606178,Barbados
2013,-1.406563965,Barbados
2014,-0.124547101,Barbados
2015,2.448701961,Barbados
2016,2.478698683,Barbados
2017,0.475110679,Barbados
2018,-0.580333154,Barbados
2019,-0.096135553,Barbados
2010,-2.28645384,Barbados
2011,3.745318352,Brunei Darussalam
2012,0.912841671,Brunei Darussalam
2013,-2.126028517,Brunei Darussalam
2014,-2.508352566,Brunei Darussalam
2015,-0.39238375,Brunei Darussalam
2016,-2.477917718,Brunei Darussalam
2017,1.328602552,Brunei Darussalam
2018,0.052237791,Brunei Darussalam
2019,3.869109865,Brunei Darussalam
2010,2.598965746,Brunei Darussalam
2011,7.982617041,Bhutan
2012,5.118400858,Bhutan
2013,2.119972633,Bhutan
2014,5.77649568,Bhutan
2015,6.642232105,Bhutan
2016,8.127033538,Bhutan
2017,4.651834675,Bhutan
2018,3.055129837,Bhutan
2019,5.755169995,Bhutan
2010,11.945896,Bhutan
2011,6.048361455,Botswana
2012,4.456144471,Botswana
2013,11.34339697,Botswana
2014,4.149262255,Botswana
2015,-5.717682557,Botswana
2016,7.036896951,Botswana
2017,4.00344974,Botswana
2018,3.98039539,Botswana
2019,2.992737635,Botswana
2010,8.563630792,Botswana
2011,4.194615337,Central African Republic
2012,5.053761254,Central African Republic
2013,-36.3919771,Central African Republic
2014,0.081070515,Central African Republic
2015,4.33712103,Central African Republic
2016,4.750316841,Central African Republic
2017,4.527278213,Central African Republic
2018,3.789443593,Central African Republic
2019,3,Central African Republic
2010,4.630818432,Central African Republic
2011,3.146881372,Canada
2012,1.762222549,Canada
2013,2.329122506,Canada
2014,2.870036075,Canada
2015,0.659176864,Canada
2016,1.001394414,Canada
2017,3.039880225,Canada
2018,2.777040554,Canada
2019,1.879592028,Canada
2010,3.08949462,Canada
2011,3.064441114,Central Europe and the Baltics
2012,0.762954726,Central Europe and the Baltics
2013,1.239268901,Central Europe and the Baltics
2014,2.983482985,Central Europe and the Baltics
2015,3.947612566,Central Europe and the Baltics
2016,3.070341259,Central Europe and the Baltics
2017,4.878583294,Central Europe and the Baltics
2018,4.491186349,Central Europe and the Baltics
2019,4.072158857,Central Europe and the Baltics
2010,1.697120915,Central Europe and the Baltics
2011,1.920445985,Switzerland
2012,1.217193657,Switzerland
2013,1.821667791,Switzerland
2014,2.446845157,Switzerland
2015,1.657768711,Switzerland
2016,2.045186469,Switzerland
2017,1.584819616,Switzerland
2018,2.916905098,Switzerland
2019,1.210992207,Switzerland
2010,3.268101656,Switzerland
2011,6.110918829,Chile
2012,5.318628,Chile
2013,4.045004298,Chile
2014,1.766739784,Chile
2015,2.303767036,Chile
2016,1.711089289,Chile
2017,1.184544707,Chile
2018,3.713859177,Chile
2019,0.942005307,Chile
2010,5.844177296,Chile
2011,9.550832179,China
2012,7.863736449,China
2013,7.766150098,China
2014,7.425763656,China
2015,7.041328879,China
2016,6.848762205,China
2017,6.947200793,China
2018,6.749773832,China
2019,5.949714233,China
2010,10.63587106,China
2011,-5.370447241,Cote d'Ivoire
2012,7.620411763,Cote d'Ivoire
2013,10.76021313,Cote d'Ivoire
2014,9.371999942,Cote d'Ivoire
2015,7.194090645,Cote d'Ivoire
2016,7.179207824,Cote d'Ivoire
2017,7.359638088,Cote d'Ivoire
2018,6.89028432,Cote d'Ivoire
2019,6.231709513,Cote d'Ivoire
2010,6.8480494,Cote d'Ivoire
2011,3.379211288,Cameroon
2012,4.625978719,Cameroon
2013,4.995529159,Cameroon
2014,5.719818144,Cameroon
2015,5.666952991,Cameroon
2016,4.535794236,Cameroon
2017,3.541176549,Cameroon
2018,3.95551424,Cameroon
2019,3.475059979,Cameroon
2010,2.899024724,Cameroon
2011,6.87467089,"Congo, Dem. Rep."
2012,7.086898947,"Congo, Dem. Rep."
2013,8.481956636,"Congo, Dem. Rep."
2014,9.470288097,"Congo, Dem. Rep."
2015,6.91616712,"Congo, Dem. Rep."
2016,2.399398914,"Congo, Dem. Rep."
2017,3.726947653,"Congo, Dem. Rep."
2018,5.8211211,"Congo, Dem. Rep."
2019,4.384528881,"Congo, Dem. Rep."
2010,7.107976576,"Congo, Dem. Rep."
2011,2.205919363,"Congo, Rep."
2012,9.947153141,"Congo, Rep."
2013,-0.712434451,"Congo, Rep."
2014,6.716679333,"Congo, Rep."
2015,-3.550581765,"Congo, Rep."
2016,-10.78323827,"Congo, Rep."
2017,-4.382530947,"Congo, Rep."
2018,-4.805351557,"Congo, Rep."
2019,-0.086885957,"Congo, Rep."
2010,9.931265433,"Congo, Rep."
2011,6.947891982,Colombia
2012,3.912635767,Colombia
2013,5.13399352,Colombia
2014,4.499030001,Colombia
2015,2.955901375,Colombia
2016,2.087382502,Colombia
2017,1.359360868,Colombia
2018,2.564324283,Colombia
2019,3.281116805,Colombia
2010,4.494658971,Colombia
2011,4.099846955,Comoros
2012,3.200272903,Comoros
2013,4.499874215,Comoros
2014,2.100006438,Comoros
2015,1.116140583,Comoros
2016,3.320680025,Comoros
2017,3.815702113,Comoros
2018,3.642525019,Comoros
2019,1.75532828,Comoros
2010,3.799933455,Comoros
2011,3.968886345,Cabo Verde
2012,1.081918279,Cabo Verde
2013,0.802797601,Cabo Verde
2014,0.611212666,Cabo Verde
2015,1.006863707,Cabo Verde
2016,4.705791509,Cabo Verde
2017,3.702039188,Cabo Verde
2018,4.531161684,Cabo Verde
2019,5.66775246,Cabo Verde
2010,1.466790097,Cabo Verde
2011,4.40315924,Costa Rica
2012,4.882592369,Costa Rica
2013,2.494766108,Costa Rica
2014,3.542109878,Costa Rica
2015,3.652080968,Costa Rica
2016,4.204323252,Costa Rica
2017,4.157698963,Costa Rica
2018,2.615904404,Costa Rica
2019,2.256315079,Costa Rica
2010,5.360343526,Costa Rica
2011,1.13985874,Caribbean small states
2012,1.337065916,Caribbean small states
2013,0.623889957,Caribbean small states
2014,0.700992472,Caribbean small states
2015,1.069112336,Caribbean small states
2016,-1.142029028,Caribbean small states
2017,0.089377344,Caribbean small states
2018,1.872186884,Caribbean small states
2019,0.616387706,Caribbean small states
2010,1.357838826,Caribbean small states
2011,2.802300836,Cuba
2012,3.014900289,Cuba
2013,2.747602563,Cuba
2014,1.047576632,Cuba
2015,4.438141959,Cuba
2016,0.513761468,Cuba
2017,1.809054399,Cuba
2018,2.248480393,Cuba
2019,-0.164839982,Cuba
2010,2.390352297,Cuba
2011,0.612608577,Curacao
2012,-0.138917069,Curacao
2013,-0.794106769,Curacao
2014,-1.138838621,Curacao
2015,0.278694931,Curacao
2016,-0.986569701,Curacao
2017,-1.73976542,Curacao
2018,-2.166131078,Curacao
2019,-3.399999927,Curacao
2010,0.08230596,Curacao
2011,1.169062198,Cayman Islands
2012,1.229753657,Cayman Islands
2013,1.27933102,Cayman Islands
2014,2.654527985,Cayman Islands
2015,2.833122226,Cayman Islands
2016,3.239976888,Cayman Islands
2017,3.184043376,Cayman Islands
2018,4.19434091,Cayman Islands
2019,3.817100404,Cayman Islands
2010,-2.715635262,Cayman Islands
2011,0.401437941,Cyprus
2012,-3.446822086,Cyprus
2013,-6.553078255,Cyprus
2014,-1.829309109,Cyprus
2015,3.383079712,Cyprus
2016,6.454554466,Cyprus
2017,5.852540355,Cyprus
2018,5.692841724,Cyprus
2019,5.283187396,Cyprus
2010,2.014695707,Cyprus
2011,1.760359624,Czech Republic
2012,-0.785004299,Czech Republic
2013,-0.045903674,Czech Republic
2014,2.262102897,Czech Republic
2015,5.388380838,Czech Republic
2016,2.53728452,Czech Republic
2017,5.168724304,Czech Republic
2018,3.198656101,Czech Republic
2019,3.029478257,Czech Republic
2010,2.434902159,Czech Republic
2011,3.925192705,Germany
2012,0.418497594,Germany
2013,0.437591303,Germany
2014,2.209543431,Germany
2015,1.491931528,Germany
2016,2.229999868,Germany
2017,2.680231114,Germany
2018,1.086024514,Germany
2019,1.055508247,Germany
2010,4.179882499,Germany
2011,-0.223550688,Dominica
2012,-1.059000243,Dominica
2013,-0.999940631,Dominica
2014,4.447947365,Dominica
2015,-2.691108924,Dominica
2016,2.556494913,Dominica
2017,-6.79942797,Dominica
2018,2.214305241,Dominica
2019,7.571391597,Dominica
2010,0.6726344,Dominica
2011,1.336777767,Denmark
2012,0.226499792,Denmark
2013,0.933340972,Denmark
2014,1.619393811,Denmark
2015,2.342591108,Denmark
2016,3.245956985,Denmark
2017,2.821736341,Denmark
2018,1.989537315,Denmark
2019,2.114664208,Denmark
2010,1.870991147,Denmark
2011,3.133423003,Dominican Republic
2012,2.717367897,Dominican Republic
2013,4.875205093,Dominican Republic
2014,7.05046369,Dominican Republic
2015,6.927018772,Dominican Republic
2016,6.659200263,Dominican Republic
2017,4.666704677,Dominican Republic
2018,6.982527585,Dominican Republic
2019,5.05216802,Dominican Republic
2010,8.33965106,Dominican Republic
2011,2.9,Algeria
2012,3.4,Algeria
2013,2.8,Algeria
2014,3.8,Algeria
2015,3.7,Algeria
2016,3.2,Algeria
2017,1.3,Algeria
2018,1.1,Algeria
2019,1,Algeria
2010,3.6,Algeria
2011,8.655636779,East Asia & Pacific (excluding high income)
2012,7.578338645,East Asia & Pacific (excluding high income)
2013,7.300026842,East Asia & Pacific (excluding high income)
2014,6.980089097,East Asia & Pacific (excluding high income)
2015,6.683383037,East Asia & Pacific (excluding high income)
2016,6.578776494,East Asia & Pacific (excluding high income)
2017,6.702441306,East Asia & Pacific (excluding high income)
2018,6.515506328,East Asia & Pacific (excluding high income)
2019,5.775749149,East Asia & Pacific (excluding high income)
2010,9.934647707,East Asia & Pacific (excluding high income)
2011,5.030356158,Early-demographic dividend
2012,3.965045727,Early-demographic dividend
2013,4.326311198,Early-demographic dividend
2014,4.223060869,Early-demographic dividend
2015,4.466329474,Early-demographic dividend
2016,4.677949164,Early-demographic dividend
2017,4.560163061,Early-demographic dividend
2018,3.669162677,Early-demographic dividend
2019,2.29739484,Early-demographic dividend
2010,6.548390317,Early-demographic dividend
2011,5.472673515,East Asia & Pacific
2012,5.180109131,East Asia & Pacific
2013,5.243440104,East Asia & Pacific
2014,4.75141959,East Asia & Pacific
2015,4.709802047,East Asia & Pacific
2016,4.658616904,East Asia & Pacific
2017,5.048255066,East Asia & Pacific
2018,4.730265273,East Asia & Pacific
2019,4.064048758,East Asia & Pacific
2010,7.613503616,East Asia & Pacific
2011,6.028365877,Europe & Central Asia (excluding high income)
2012,3.865919276,Europe & Central Asia (excluding high income)
2013,4.031117099,Europe & Central Asia (excluding high income)
2014,2.13648975,Europe & Central Asia (excluding high income)
2015,1.020561603,Europe & Central Asia (excluding high income)
2016,1.755445573,Europe & Central Asia (excluding high income)
2017,4.127844222,Europe & Central Asia (excluding high income)
2018,3.227980625,Europe & Central Asia (excluding high income)
2019,2.314428807,Europe & Central Asia (excluding high income)
2010,5.026863611,Europe & Central Asia (excluding high income)
2011,2.362342976,Europe & Central Asia
2012,0.352543291,Europe & Central Asia
2013,0.896812748,Europe & Central Asia
2014,1.884243857,Europe & Central Asia
2015,2.11822221,Europe & Central Asia
2016,1.969857214,Europe & Central Asia
2017,2.818593992,Europe & Central Asia
2018,2.172781601,Europe & Central Asia
2019,1.803888188,Europe & Central Asia
2010,2.660394183,Europe & Central Asia
2011,7.868140919,Ecuador
2012,5.641962067,Ecuador
2013,4.946511267,Ecuador
2014,3.788868549,Ecuador
2015,0.098872608,Ecuador
2016,-1.226383985,Ecuador
2017,2.368386526,Ecuador
2018,1.289291933,Ecuador
2019,0.012105103,Ecuador
2010,3.525298669,Ecuador
2011,1.764571949,"Egypt, Arab Rep."
2012,2.226199797,"Egypt, Arab Rep."
2013,2.185466055,"Egypt, Arab Rep."
2014,2.915911879,"Egypt, Arab Rep."
2015,4.372019079,"Egypt, Arab Rep."
2016,4.346643453,"Egypt, Arab Rep."
2017,4.181221001,"Egypt, Arab Rep."
2018,5.314121037,"Egypt, Arab Rep."
2019,5.557683888,"Egypt, Arab Rep."
2010,5.147234859,"Egypt, Arab Rep."
2011,1.718486882,Euro area
2012,-0.842677028,Euro area
2013,-0.220300555,Euro area
2014,1.401645976,Euro area
2015,2.062525765,Euro area
2016,1.864543389,Euro area
2017,2.613704509,Euro area
2018,1.832626591,Euro area
2019,1.564929992,Euro area
2010,2.178739282,Euro area
2011,-0.814373455,Spain
2012,-2.959441302,Spain
2013,-1.435394259,Spain
2014,1.383907943,Spain
2015,3.83517266,Spain
2016,3.03130133,Spain
2017,2.973641191,Spain
2018,2.288785676,Spain
2019,2.085191421,Spain
2010,0.163010231,Spain
2011,7.263084581,Estonia
2012,3.228200494,Estonia
2013,1.458428636,Estonia
2014,3.011366587,Estonia
2015,1.853020046,Estonia
2016,3.155564814,Estonia
2017,5.792044675,Estonia
2018,4.133819798,Estonia
2019,4.096342644,Estonia
2010,2.444265118,Estonia
2011,11.17829623,Ethiopia
2012,8.647811633,Ethiopia
2013,10.58227005,Ethiopia
2014,10.25749296,Ethiopia
2015,10.39246302,Ethiopia
2016,9.433482658,Ethiopia
2017,9.564189643,Ethiopia
2018,6.816147797,Ethiopia
2019,8.364085699,Ethiopia
2010,12.55053835,Ethiopia
2011,1.857814779,European Union
2012,-0.70668484,European Union
2013,-0.031930388,European Union
2014,1.57572888,European Union
2015,2.310796988,European Union
2016,2.008319143,European Union
2017,2.813667733,European Union
2018,2.065582359,European Union
2019,1.816940715,European Union
2010,2.249340586,European Union
2011,0.33326272,Fragile and conflict affected situations
2012,5.130299882,Fragile and conflict affected situations
2013,4.652496604,Fragile and conflict affected situations
2014,3.683840298,Fragile and conflict affected situations
2015,1.604133763,Fragile and conflict affected situations
2016,2.186045989,Fragile and conflict affected situations
2017,1.918631794,Fragile and conflict affected situations
2018,2.74408837,Fragile and conflict affected situations
2019,3.054483251,Fragile and conflict affected situations
2010,7.236212404,Fragile and conflict affected situations
2011,2.547664838,Finland
2012,-1.397545728,Finland
2013,-0.901696316,Finland
2014,-0.364908157,Finland
2015,0.543659212,Finland
2016,2.811457767,Finland
2017,3.19240963,Finland
2018,1.141947509,Finland
2019,1.220754143,Finland
2010,3.185958654,Finland
2011,2.705143029,Fiji
2012,1.411314382,Fiji
2013,4.73421949,Fiji
2014,5.603514887,Fiji
2015,4.501199392,Fiji
2016,2.445652008,Fiji
2017,5.353364937,Fiji
2018,3.81235097,Fiji
2019,-0.445563044,Fiji
2010,2.954672422,Fiji
2011,2.192700633,France
2012,0.313134751,France
2013,0.576326675,France
2014,0.956183052,France
2015,1.112912341,France
2016,1.095464404,France
2017,2.291419994,France
2018,1.865066071,France
2019,1.842971814,France
2010,1.949437623,France
2011,3.188574755,"Micronesia, Fed. Sts."
2012,-1.866819755,"Micronesia, Fed. Sts."
2013,-3.679767791,"Micronesia, Fed. Sts."
2014,-2.305775745,"Micronesia, Fed. Sts."
2015,4.621884004,"Micronesia, Fed. Sts."
2016,0.900180417,"Micronesia, Fed. Sts."
2017,2.682185944,"Micronesia, Fed. Sts."
2018,0.2116536,"Micronesia, Fed. Sts."
2019,1.174799228,"Micronesia, Fed. Sts."
2010,2.259389956,"Micronesia, Fed. Sts."
2011,7.091753343,Gabon
2012,5.251076918,Gabon
2013,5.638699003,Gabon
2014,4.314964441,Gabon
2015,3.878899395,Gabon
2016,2.091442208,Gabon
2017,0.472642031,Gabon
2018,0.837916581,Gabon
2019,3.920808795,Gabon
2010,7.089887315,Gabon
2011,1.457563391,United Kingdom
2012,1.469887521,United Kingdom
2013,1.890018342,United Kingdom
2014,2.991164814,United Kingdom
2015,2.622596679,United Kingdom
2016,2.263463538,United Kingdom
2017,2.134453093,United Kingdom
2018,1.650925496,United Kingdom
2019,1.671944197,United Kingdom
2010,2.131438198,United Kingdom
2011,7.399999867,Georgia
2012,6.369008306,Georgia
2013,3.621305352,Georgia
2014,4.431924823,Georgia
2015,3.02220738,Georgia
2016,2.90643878,Georgia
2017,4.842603225,Georgia
2018,4.842919885,Georgia
2019,4.982350475,Georgia
2010,6.249487768,Georgia
2011,14.04712358,Ghana
2012,9.292789406,Ghana
2013,7.312525017,Ghana
2014,2.856240163,Ghana
2015,2.120759338,Ghana
2016,3.37346575,Ghana
2017,8.128894881,Ghana
2018,6.200077681,Ghana
2019,6.507774794,Ghana
2010,7.899711941,Ghana
2011,5.612108175,Guinea
2012,5.915288884,Guinea
2013,3.945683805,Guinea
2014,3.696541843,Guinea
2015,3.825921667,Guinea
2016,10.82062144,Guinea
2017,10.30000049,Guinea
2018,6.358491927,Guinea
2019,5.646175568,Guinea
2010,4.813362867,Guinea
2011,-8.130444223,"Gambia, The"
2012,5.241569246,"Gambia, The"
2013,2.87276879,"Gambia, The"
2014,-1.407382495,"Gambia, The"
2015,4.058073804,"Gambia, The"
2016,1.943359655,"Gambia, The"
2017,4.822611249,"Gambia, The"
2018,7.234890333,"Gambia, The"
2019,6.15363195,"Gambia, The"
2010,5.90833581,"Gambia, The"
2011,8.084779734,Guinea-Bissau
2012,-1.712683012,Guinea-Bissau
2013,3.255904265,Guinea-Bissau
2014,0.964560751,Guinea-Bissau
2015,6.134082941,Guinea-Bissau
2016,6.262805638,Guinea-Bissau
2017,5.919176626,Guinea-Bissau
2018,1.283736703,Guinea-Bissau
2019,4.499999992,Guinea-Bissau
2010,4.6109709,Guinea-Bissau
2011,6.52392363,Equatorial Guinea
2012,8.312871844,Equatorial Guinea
2013,-4.133198501,Equatorial Guinea
2014,0.415066302,Equatorial Guinea
2015,-9.110041149,Equatorial Guinea
2016,-8.816417232,Equatorial Guinea
2017,-5.667502957,Equatorial Guinea
2018,-6.236550982,Equatorial Guinea
2019,-5.978936905,Equatorial Guinea
2010,-8.924175889,Equatorial Guinea
2011,-10.14931483,Greece
2012,-7.086696786,Greece
2013,-2.515997222,Greece
2014,0.475695947,Greece
2015,-0.19608763,Greece
2016,-0.487173294,Greece
2017,1.09214912,Greece
2018,1.668428636,Greece
2019,1.803595256,Greece
2010,-5.478627432,Greece
2011,0.764976824,Grenada
2012,-1.155143735,Grenada
2013,2.351418773,Grenada
2014,7.344076522,Grenada
2015,6.443143733,Grenada
2016,3.739651388,Grenada
2017,4.438675669,Grenada
2018,4.299405392,Grenada
2019,0.7355827,Grenada
2010,-0.511262754,Grenada
2011,-0.496519392,Greenland
2012,1.39419336,Greenland
2013,-1.298280693,Greenland
2014,4.742135673,Greenland
2015,-2.529318024,Greenland
2016,4.68195411,Greenland
2017,0.052728183,Greenland
2018,1.845848009,Greenland
2019,1.67877331,Greenland
2010,1.735825059,Greenland
2011,4.163906883,Guatemala
2012,2.974708568,Guatemala
2013,3.694819199,Guatemala
2014,4.443977583,Guatemala
2015,4.092170816,Guatemala
2016,2.677802555,Guatemala
2017,3.079851491,Guatemala
2018,3.322097997,Guatemala
2019,3.866856575,Guatemala
2010,2.884175428,Guatemala
2011,0.077654824,Guam
2012,2.13385063,Guam
2013,1.690408357,Guam
2014,1.793051924,Guam
2015,0.825688073,Guam
2016,0.181983621,Guam
2017,0.890099909,Guam
2018,-0.720201656,Guam
2019,2.538991658,Guam
2010,2.263251936,Guam
2011,5.339378131,Guyana
2012,5.383623469,Guyana
2013,3.653504768,Guyana
2014,1.686027732,Guyana
2015,0.68752121,Guyana
2016,3.807918837,Guyana
2017,3.734374061,Guyana
2018,4.441013589,Guyana
2019,5.352627426,Guyana
2010,3.778200183,Guyana
2011,1.938987644,High income
2012,1.381389135,High income
2013,1.505750781,High income
2014,2.155260329,High income
2015,2.50202264,High income
2016,1.82709096,High income
2017,2.377837435,High income
2018,2.351877378,High income
2019,1.763695621,High income
2010,2.983362292,High income
2011,4.814682268,"Hong Kong SAR, China"
2012,1.700325218,"Hong Kong SAR, China"
2013,3.101546766,"Hong Kong SAR, China"
2014,2.762376595,"Hong Kong SAR, China"
2015,2.387802316,"Hong Kong SAR, China"
2016,2.169494388,"Hong Kong SAR, China"
2017,3.791005986,"Hong Kong SAR, China"
2018,2.846447939,"Hong Kong SAR, China"
2019,-1.67975617,"Hong Kong SAR, China"
2010,6.767668588,"Hong Kong SAR, China"
2011,3.835690662,Honduras
2012,4.128687749,Honduras
2013,2.791559757,Honduras
2014,3.058080562,Honduras
2015,3.840079971,Honduras
2016,3.892972197,Honduras
2017,4.842913911,Honduras
2018,3.84499477,Honduras
2019,2.653066255,Honduras
2010,3.731140344,Honduras
2011,4.445386533,Heavily indebted poor countries (HIPC)
2012,3.937370024,Heavily indebted poor countries (HIPC)
2013,5.738899668,Heavily indebted poor countries (HIPC)
2014,5.813682424,Heavily indebted poor countries (HIPC)
2015,4.78292099,Heavily indebted poor countries (HIPC)
2016,4.423451767,Heavily indebted poor countries (HIPC)
2017,5.004218502,Heavily indebted poor countries (HIPC)
2018,4.345091512,Heavily indebted poor countries (HIPC)
2019,4.418947623,Heavily indebted poor countries (HIPC)
2010,6.079074968,Heavily indebted poor countries (HIPC)
2011,-0.085243549,Croatia
2012,-2.275706646,Croatia
2013,-0.363117372,Croatia
2014,-0.345947048,Croatia
2015,2.52568842,Croatia
2016,3.532432232,Croatia
2017,3.41409226,Croatia
2018,2.900009599,Croatia
2019,3.481945603,Croatia
2010,-1.250700462,Croatia
2011,5.098213544,Haiti
2012,0.502424404,Haiti
2013,4.324784115,Haiti
2014,1.722565602,Haiti
2015,2.562508835,Haiti
2016,1.812468078,Haiti
2017,2.510271345,Haiti
2018,1.667810955,Haiti
2019,-1.684595081,Haiti
2010,-5.651511534,Haiti
2011,1.860155072,Hungary
2012,-1.257749507,Hungary
2013,1.806363928,Hungary
2014,4.223725539,Hungary
2015,3.703259936,Hungary
2016,2.191960369,Hungary
2017,4.268557419,Hungary
2018,5.359496489,Hungary
2019,4.554063072,Hungary
2010,1.083118668,Hungary
2011,6.4280954,IBRD only
2012,5.352946128,IBRD only
2013,5.356890674,IBRD only
2014,4.807564126,IBRD only
2015,4.432076341,IBRD only
2016,4.66947383,IBRD only
2017,5.206204101,IBRD only
2018,4.850668055,IBRD only
2019,3.979380403,IBRD only
2010,7.850481545,IBRD only
2011,6.249939585,IDA & IBRD total
2012,5.194518572,IDA & IBRD total
2013,5.354315206,IDA & IBRD total
2014,4.862651338,IDA & IBRD total
2015,4.349607436,IDA & IBRD total
2016,4.557698931,IDA & IBRD total
2017,5.12409418,IDA & IBRD total
2018,4.822949872,IDA & IBRD total
2019,3.979622132,IDA & IBRD total
2010,7.725140122,IDA & IBRD total
2011,4.090441663,IDA total
2012,3.231027421,IDA total
2013,5.321739734,IDA total
2014,5.5572258,IDA total
2015,3.317171994,IDA total
2016,3.143279009,IDA total
2017,4.069685864,IDA total
2018,4.4631218,IDA total
2019,3.982771814,IDA total
2010,6.228673338,IDA total
2011,4.691882184,IDA blend
2012,4.575157275,IDA blend
2013,5.535181644,IDA blend
2014,5.845192596,IDA blend
2015,3.817796299,IDA blend
2016,1.685486017,IDA blend
2017,2.854073248,IDA blend
2018,3.637637718,IDA blend
2019,2.338671221,IDA blend
2010,6.117968239,IDA blend
2011,6.169784208,Indonesia
2012,6.030050653,Indonesia
2013,5.557263689,Indonesia
2014,5.006668426,Indonesia
2015,4.8763223,Indonesia
2016,5.033069183,Indonesia
2017,5.069785901,Indonesia
2018,5.17429154,Indonesia
2019,5.018159715,Indonesia
2010,6.223854181,Indonesia
2011,3.514215011,IDA only
2012,1.928595895,IDA only
2013,5.109549274,IDA only
2014,5.271776796,IDA only
2015,2.818221758,IDA only
2016,4.610322123,IDA only
2017,5.258808501,IDA only
2018,5.252169389,IDA only
2019,5.530195817,IDA only
2010,6.334954282,IDA only
2011,1.999999382,Isle of Man
2012,7.303757302,Isle of Man
2013,4.141718551,Isle of Man
2014,5.155303088,Isle of Man
2015,-0.385798408,Isle of Man
2016,6.952311475,Isle of Man
2017,4.688811187,Isle of Man
2018,2.213403992,Isle of Man
2019,0.25486132,Isle of Man
2010,3.399998424,Isle of Man
2011,5.241315001,India
2012,5.456388753,India
2013,6.386106401,India
2014,7.410227605,India
2015,7.996253786,India
2016,8.256305502,India
2017,6.795383419,India
2018,6.532989011,India
2019,4.041554187,India
2010,8.497584702,India
2011,1.068526654,Ireland
2012,-0.052354785,Ireland
2013,1.267014661,Ireland
2014,8.713697808,Ireland
2015,25.17624519,Ireland
2016,2.042232527,Ireland
2017,8.940012772,Ireland
2018,9.0301611,Ireland
2019,4.917006978,Ireland
2010,1.755080743,Ireland
2011,2.645717918,"Iran, Islamic Rep."
2012,-7.44455703,"Iran, Islamic Rep."
2013,-0.194073471,"Iran, Islamic Rep."
2014,4.60341888,"Iran, Islamic Rep."
2015,-1.32064512,"Iran, Islamic Rep."
2016,13.39624262,"Iran, Islamic Rep."
2017,3.755196452,"Iran, Islamic Rep."
2018,-6.025971803,"Iran, Islamic Rep."
2019,-6.78422367,"Iran, Islamic Rep."
2010,5.797938302,"Iran, Islamic Rep."
2011,7.5464712,Iraq
2012,13.93643017,Iraq
2013,7.628571185,Iraq
2014,0.19701671,Iraq
2015,4.722864019,Iraq
2016,13.78737302,Iraq
2017,-1.819750351,Iraq
2018,2.633850991,Iraq
2019,5.957327503,Iraq
2010,6.402564845,Iraq
2011,1.845779156,Iceland
2012,1.063636607,Iceland
2013,4.55246032,Iceland
2014,1.687215018,Iceland
2015,4.436663719,Iceland
2016,6.303687107,Iceland
2017,4.194948829,Iceland
2018,4.892180731,Iceland
2019,2.434823,Iceland
2010,-2.832774915,Iceland
2011,5.542590001,Israel
2012,2.822996205,Israel
2013,4.777202349,Israel
2014,4.124746861,Israel
2015,2.279679419,Israel
2016,4.462753818,Israel
2017,4.377044428,Israel
2018,3.983424594,Israel
2019,3.77358981,Israel
2010,5.684707293,Israel
2011,0.707333347,Italy
2012,-2.980905768,Italy
2013,-1.841065451,Italy
2014,-0.004547542,Italy
2015,0.778304351,Italy
2016,1.293462732,Italy
2017,1.667859041,Italy
2018,0.925810941,Italy
2019,0.410278294,Italy
2010,1.713295839,Italy
2011,1.730376267,Jamaica
2012,-0.61363604,Jamaica
2013,0.517686013,Jamaica
2014,0.689822357,Jamaica
2015,0.921487125,Jamaica
2016,1.375223064,Jamaica
2017,0.997123062,Jamaica
2018,1.889923681,Jamaica
2019,0.892291654,Jamaica
2010,-1.457147209,Jamaica
2011,2.737179886,Jordan
2012,2.429358001,Jordan
2013,2.609947375,Jordan
2014,3.384078099,Jordan
2015,2.496528793,Jordan
2016,1.994180849,Jordan
2017,2.087114551,Jordan
2018,1.934091701,Jordan
2019,1.955466358,Jordan
2010,2.314834221,Jordan
2011,0.023809524,Japan
2012,1.374750999,Japan
2013,2.005100177,Japan
2014,0.296205514,Japan
2015,1.560626697,Japan
2016,0.753826746,Japan
2017,1.675331752,Japan
2018,0.558851275,Japan
2019,0.270304645,Japan
2010,4.097917919,Japan
2011,7.400000001,Kazakhstan
2012,4.8,Kazakhstan
2013,5.999999999,Kazakhstan
2014,4.200000001,Kazakhstan
2015,1.2,Kazakhstan
2016,1.1,Kazakhstan
2017,4.1,Kazakhstan
2018,4.1,Kazakhstan
2019,4.5,Kazakhstan
2010,7.3,Kazakhstan
2011,5.12110612,Kenya
2012,4.568679614,Kenya
2013,3.797848393,Kenya
2014,5.020111002,Kenya
2015,4.967721128,Kenya
2016,4.213517068,Kenya
2017,3.815506427,Kenya
2018,5.62910144,Kenya
2019,4.981132628,Kenya
2010,8.058473603,Kenya
2011,5.956274309,Kyrgyz Republic
2012,-0.088150201,Kyrgyz Republic
2013,10.91546945,Kyrgyz Republic
2014,4.024038626,Kyrgyz Republic
2015,3.875825448,Kyrgyz Republic
2016,4.335855917,Kyrgyz Republic
2017,4.739937225,Kyrgyz Republic
2018,3.757910125,Kyrgyz Republic
2019,4.600625666,Kyrgyz Republic
2010,-0.471566601,Kyrgyz Republic
2011,7.069569946,Cambodia
2012,7.313345505,Cambodia
2013,7.356665149,Cambodia
2014,7.142571101,Cambodia
2015,6.965797815,Cambodia
2016,6.933313973,Cambodia
2017,6.996903699,Cambodia
2018,7.469169207,Cambodia
2019,7.054106932,Cambodia
2010,5.963078575,Cambodia
2011,1.594321811,Kiribati
2012,4.713645402,Kiribati
2013,4.214851087,Kiribati
2014,-0.697737743,Kiribati
2015,10.40486376,Kiribati
2016,5.137719245,Kiribati
2017,0.889757537,Kiribati
2018,3.775954286,Kiribati
2019,3.926445438,Kiribati
2010,-0.923899278,Kiribati
2011,1.828435302,St. Kitts and Nevis
2012,-2.228012307,St. Kitts and Nevis
2013,5.383690734,St. Kitts and Nevis
2014,6.284804235,St. Kitts and Nevis
2015,1.033704225,St. Kitts and Nevis
2016,13.39486131,St. Kitts and Nevis
2017,0.899999116,St. Kitts and Nevis
2018,2.699999466,St. Kitts and Nevis
2019,4.799999522,St. Kitts and Nevis
2010,-0.609318192,St. Kitts and Nevis
2011,3.685667782,"Korea, Rep."
2012,2.402530992,"Korea, Rep."
2013,3.164708636,"Korea, Rep."
2014,3.202453795,"Korea, Rep."
2015,2.809103268,"Korea, Rep."
2016,2.946881715,"Korea, Rep."
2017,3.15963574,"Korea, Rep."
2018,2.907403774,"Korea, Rep."
2019,2.24397786,"Korea, Rep."
2010,6.804824918,"Korea, Rep."
2011,9.628406975,Kuwait
2012,6.6258183,Kuwait
2013,1.149300437,Kuwait
2014,0.500876982,Kuwait
2015,0.593019617,Kuwait
2016,2.925868226,Kuwait
2017,-4.712106209,Kuwait
2018,1.246129408,Kuwait
2019,0.42746394,Kuwait
2010,-2.37026412,Kuwait
2011,4.548640634,Latin America & Caribbean (excluding high income)
2012,2.45119229,Latin America & Caribbean (excluding high income)
2013,2.91130165,Latin America & Caribbean (excluding high income)
2014,1.395360326,Latin America & Caribbean (excluding high income)
2015,0.475019488,Latin America & Caribbean (excluding high income)
2016,-0.232559819,Latin America & Caribbean (excluding high income)
2017,2.053169951,Latin America & Caribbean (excluding high income)
2018,1.65484389,Latin America & Caribbean (excluding high income)
2019,0.78715465,Latin America & Caribbean (excluding high income)
2010,6.710229619,Latin America & Caribbean (excluding high income)
2011,8.038652681,Lao PDR
2012,8.026098434,Lao PDR
2013,8.026300226,Lao PDR
2014,7.611963441,Lao PDR
2015,7.270065843,Lao PDR
2016,7.022836255,Lao PDR
2017,6.892530873,Lao PDR
2018,6.247960008,Lao PDR
2019,5.457735092,Lao PDR
2010,8.526905517,Lao PDR
2011,0.867339877,Lebanon
2012,2.540541789,Lebanon
2013,3.811022415,Lebanon
2014,2.453659572,Lebanon
2015,0.581709757,Lebanon
2016,1.582054551,Lebanon
2017,0.782014001,Lebanon
2018,-1.702174807,Lebanon
2019,-7.15724707,Lebanon
2010,7.975135559,Lebanon
2011,8.20076584,Liberia
2012,7.993815693,Liberia
2013,8.687287816,Liberia
2014,0.7013931,Liberia
2015,-0.01856497,Liberia
2016,-1.554958617,Liberia
2017,2.45515592,Liberia
2018,1.157575122,Liberia
2019,-2.467297635,Liberia
2010,6.099827602,Liberia
2011,-62.07591958,Libya
2012,123.1395552,Libya
2013,-13.59999997,Libya
2014,-24.00000003,Libya
2015,-8.862039363,Libya
2016,-2.79546889,Libya
2017,26.68090263,Libya
2018,15.13279989,Libya
2019,2.535953478,Libya
2010,5.021289739,Libya
2011,5.483411333,St. Lucia
2012,-0.19985174,St. Lucia
2013,-3.174377604,St. Lucia
2014,1.758665901,St. Lucia
2015,-1.360484662,St. Lucia
2016,3.646315171,St. Lucia
2017,3.501752646,St. Lucia
2018,2.926420885,St. Lucia
2019,-0.063943687,St. Lucia
2010,1.603862385,St. Lucia
2011,4.445196336,Latin America & Caribbean
2012,2.506149407,Latin America & Caribbean
2013,2.875807928,Latin America & Caribbean
2014,1.3654768,Latin America & Caribbean
2015,0.544536345,Latin America & Caribbean
2016,-0.152699274,Latin America & Caribbean
2017,1.87589604,Latin America & Caribbean
2018,1.625375788,Latin America & Caribbean
2019,0.797500501,Latin America & Caribbean
2010,6.426942051,Latin America & Caribbean
2011,3.323339053,Least developed countries: UN classification
2012,3.22310705,Least developed countries: UN classification
2013,5.716526724,Least developed countries: UN classification
2014,5.582803932,Least developed countries: UN classification
2015,2.43565849,Least developed countries: UN classification
2016,3.830085498,Least developed countries: UN classification
2017,4.47427809,Least developed countries: UN classification
2018,4.515572956,Least developed countries: UN classification
2019,5.022681493,Least developed countries: UN classification
2010,6.222421475,Least developed countries: UN classification
2011,0.760390097,Low income
2012,-3.256562196,Low income
2013,3.405625766,Low income
2014,4.349248344,Low income
2015,-0.493910527,Low income
2016,2.219230176,Low income
2017,3.132787385,Low income
2018,3.543556322,Low income
2019,4.416360912,Low income
2010,6.934443264,Low income
2011,8.404733021,Sri Lanka
2012,9.144572246,Sri Lanka
2013,3.39573265,Sri Lanka
2014,4.960700592,Sri Lanka
2015,5.007683305,Sri Lanka
2016,4.486634531,Sri Lanka
2017,3.578169679,Sri Lanka
2018,3.272000479,Sri Lanka
2019,2.255176529,Sri Lanka
2010,8.015967371,Sri Lanka
2011,4.798997242,Lower middle income
2012,4.241466655,Lower middle income
2013,5.098272262,Lower middle income
2014,5.529998852,Lower middle income
2015,5.035454272,Lower middle income
2016,5.936798517,Lower middle income
2017,5.179460909,Lower middle income
2018,4.610893635,Lower middle income
2019,3.564290579,Lower middle income
2010,6.589970302,Lower middle income
2011,6.29597654,Low & middle income
2012,5.287416771,Low & middle income
2013,5.45466555,Low & middle income
2014,4.923177331,Low & middle income
2015,4.385112303,Low & middle income
2016,4.61461561,Low & middle income
2017,5.168628802,Low & middle income
2018,4.828861035,Low & middle income
2019,3.989481259,Low & middle income
2010,7.835139155,Low & middle income
2011,4.614252238,Lesotho
2012,6.334821701,Lesotho
2013,1.792531445,Lesotho
2014,1.710544004,Lesotho
2015,3.127557724,Lesotho
2016,3.588364597,Lesotho
2017,-3.141949946,Lesotho
2018,-1.223137311,Lesotho
2019,-0.381431982,Lesotho
2010,5.266280653,Lesotho
2011,7.161550099,Late-demographic dividend
2012,5.850515682,Late-demographic dividend
2013,5.664515941,Late-demographic dividend
2014,5.193170135,Late-demographic dividend
2015,4.67209158,Late-demographic dividend
2016,4.444204888,Late-demographic dividend
2017,5.295685621,Late-demographic dividend
2018,5.394096535,Late-demographic dividend
2019,4.70913464,Late-demographic dividend
2010,8.060135818,Late-demographic dividend
2011,6.03900816,Lithuania
2012,3.843864749,Lithuania
2013,3.550072843,Lithuania
2014,3.537009879,Lithuania
2015,2.024583955,Lithuania
2016,2.518828273,Lithuania
2017,4.282596951,Lithuania
2018,3.993310328,Lithuania
2019,4.573771737,Lithuania
2010,1.651240653,Lithuania
2011,1.044298695,Luxembourg
2012,1.64990203,Luxembourg
2013,3.171790499,Luxembourg
2014,2.623086016,Luxembourg
2015,2.269784484,Luxembourg
2016,4.978190437,Luxembourg
2017,1.317187663,Luxembourg
2018,2.00437712,Luxembourg
2019,3.283806756,Luxembourg
2010,3.760413593,Luxembourg
2011,2.564422968,Latvia
2012,7.037317185,Latvia
2013,2.010744815,Latvia
2014,1.900096243,Latvia
2015,3.885027277,Latvia
2016,2.367609543,Latvia
2017,3.31308889,Latvia
2018,3.989480387,Latvia
2019,2.484326355,Latvia
2010,-4.470941885,Latvia
2011,21.61658789,"Macao SAR, China"
2012,9.242352874,"Macao SAR, China"
2013,10.75280699,"Macao SAR, China"
2014,-2.048310388,"Macao SAR, China"
2015,-21.51441131,"Macao SAR, China"
2016,-0.6789426,"Macao SAR, China"
2017,9.983192244,"Macao SAR, China"
2018,6.464613521,"Macao SAR, China"
2019,-2.511980044,"Macao SAR, China"
2010,25.12282269,"Macao SAR, China"
2011,5.245697297,Morocco
2012,3.009961262,Morocco
2013,4.5354242,Morocco
2014,2.669493927,Morocco
2015,4.536378168,Morocco
2016,1.05985639,Morocco
2017,4.254603273,Morocco
2018,3.148502656,Morocco
2019,2.607935495,Morocco
2010,3.815717917,Morocco
2011,7,Monaco
2012,1.012217961,Monaco
2013,9.574890743,Monaco
2014,7.189187012,Monaco
2015,4.863473211,Monaco
2016,3.451551047,Monaco
2017,-3.500961422,Monaco
2018,5.95627042,Monaco
2019,6.905665492,Monaco
2010,2.099999899,Monaco
2011,5.818166405,Moldova
2012,-0.589734126,Moldova
2013,9.043865482,Moldova
2014,4.999625669,Moldova
2015,-0.338235324,Moldova
2016,4.408886724,Moldova
2017,4.69079339,Moldova
2018,4.301477742,Moldova
2019,3.683404261,Moldova
2010,7.100000084,Moldova
2011,1.578427051,Madagascar
2012,3.011148115,Madagascar
2013,2.300376232,Madagascar
2014,3.339203113,Madagascar
2015,3.132298073,Madagascar
2016,3.993146064,Madagascar
2017,3.933307595,Madagascar
2018,3.194356515,Madagascar
2019,4.41123213,Madagascar
2010,0.619239746,Madagascar
2011,8.566733531,Maldives
2012,2.517383942,Maldives
2013,7.281073979,Maldives
2014,7.329626203,Maldives
2015,2.88454853,Maldives
2016,6.338300636,Maldives
2017,7.209910123,Maldives
2018,8.123128908,Maldives
2019,6.883688846,Maldives
2010,7.265129068,Maldives
2011,3.941817578,Middle East & North Africa
2012,3.462221391,Middle East & North Africa
2013,2.744320505,Middle East & North Africa
2014,2.939108348,Middle East & North Africa
2015,2.39252278,Middle East & North Africa
2016,4.584012413,Middle East & North Africa
2017,1.659198446,Middle East & North Africa
2018,1.475677069,Middle East & North Africa
2019,1.16101939,Middle East & North Africa
2010,5.038557785,Middle East & North Africa
2011,3.66300793,Mexico
2012,3.642322679,Mexico
2013,1.354091962,Mexico
2014,2.849773255,Mexico
2015,3.293151528,Mexico
2016,2.630532425,Mexico
2017,2.113129135,Mexico
2018,2.194994725,Mexico
2019,-0.176599456,Mexico
2010,5.118118143,Mexico
2011,-0.612309009,Marshall Islands
2012,-2.295210414,Marshall Islands
2013,4.017979699,Marshall Islands
2014,-0.950334665,Marshall Islands
2015,1.613921462,Marshall Islands
2016,1.313258123,Marshall Islands
2017,3.250554809,Marshall Islands
2018,3.574750982,Marshall Islands
2019,6.644663737,Marshall Islands
2010,6.668641057,Marshall Islands
2011,6.399060448,Middle income
2012,5.438091166,Middle income
2013,5.487820903,Middle income
2014,4.932382866,Middle income
2015,4.4629345,Middle income
2016,4.651009919,Middle income
2017,5.198841618,Middle income
2018,4.84756093,Middle income
2019,3.983347831,Middle income
2010,7.852055877,Middle income
2011,2.339886045,North Macedonia
2012,-0.456183224,North Macedonia
2013,2.925257665,North Macedonia
2014,3.629123513,North Macedonia
2015,3.85586514,North Macedonia
2016,2.848205194,North Macedonia
2017,1.081772738,North Macedonia
2018,2.88059671,North Macedonia
2019,3.910419538,North Macedonia
2010,3.358750858,North Macedonia
2011,3.21313378,Mali
2012,-0.836734632,Mali
2013,2.29506829,Mali
2014,7.084683881,Mali
2015,6.171800024,Mali
2016,5.852299199,Mali
2017,5.305456084,Mali
2018,4.746484327,Mali
2019,4.756160808,Mali
2010,5.313935279,Mali
2011,0.467050856,Malta
2012,4.117707299,Malta
2013,5.473355695,Malta
2014,7.633538112,Malta
2015,9.608132811,Malta
2016,4.090917429,Malta
2017,8.119425289,Malta
2018,5.179224796,Malta
2019,5.539566337,Malta
2010,5.543639385,Malta
2011,7.520057227,Myanmar
2012,6.485754004,Myanmar
2013,7.898669478,Myanmar
2014,8.19966375,Myanmar
2015,3.277279417,Myanmar
2016,10.50778078,Myanmar
2017,5.7500645,Myanmar
2018,6.404977325,Myanmar
2019,6.750460146,Myanmar
2010,10.06928609,Myanmar
2011,-0.492476867,Middle East & North Africa (excluding high income)
2012,1.859554454,Middle East & North Africa (excluding high income)
2013,1.448288949,Middle East & North Africa (excluding high income)
2014,1.987301215,Middle East & North Africa (excluding high income)
2015,0.659839069,Middle East & North Africa (excluding high income)
2016,6.714220549,Middle East & North Africa (excluding high income)
2017,2.816720599,Middle East & North Africa (excluding high income)
2018,0.599138759,Middle East & North Africa (excluding high income)
2019,0.556792432,Middle East & North Africa (excluding high income)
2010,5.288745844,Middle East & North Africa (excluding high income)
2011,3.228451021,Montenegro
2012,-2.723790771,Montenegro
2013,3.548979912,Montenegro
2014,1.783698581,Montenegro
2015,3.390381397,Montenegro
2016,2.949280321,Montenegro
2017,4.716465276,Montenegro
2018,5.077888811,Montenegro
2019,4.062944992,Montenegro
2010,2.734331082,Montenegro
2011,17.29077758,Mongolia
2012,12.31981985,Mongolia
2013,11.64891619,Mongolia
2014,7.885225482,Mongolia
2015,2.379835807,Mongolia
2016,1.489784485,Mongolia
2017,5.63687639,Mongolia
2018,7.74488062,Mongolia
2019,5.602244219,Mongolia
2010,6.365161685,Mongolia
2011,-7.384230288,Northern Mariana Islands
2012,0.810810811,Northern Mariana Islands
2013,2.680965147,Northern Mariana Islands
2014,4.177545692,Northern Mariana Islands
2015,3.383458647,Northern Mariana Islands
2016,29.21212121,Northern Mariana Islands
2017,23.17073171,Northern Mariana Islands
2018,-19.34501142,Northern Mariana Islands
2019,-11.14258735,Northern Mariana Islands
2010,1.395939086,Northern Mariana Islands
2011,7.417384316,Mozambique
2012,7.258439253,Mozambique
2013,6.963607135,Mozambique
2014,7.398512797,Mozambique
2015,6.72327878,Mozambique
2016,3.824214319,Mozambique
2017,3.741317593,Mozambique
2018,3.44381384,Mozambique
2019,2.31460601,Mozambique
2010,6.502353115,Mozambique
2011,4.172783283,Mauritania
2012,4.470013182,Mauritania
2013,4.150813186,Mauritania
2014,4.274823271,Mauritania
2015,5.376339237,Mauritania
2016,1.260909224,Mauritania
2017,6.270545694,Mauritania
2018,4.526746225,Mauritania
2019,5.75993059,Mauritania
2010,2.620229521,Mauritania
2011,4.077538076,Mauritius
2012,3.49611836,Mauritius
2013,3.360406098,Mauritius
2014,3.744575777,Mauritius
2015,3.553071704,Mauritius
2016,3.837932654,Mauritius
2017,3.814152108,Mauritius
2018,3.759677227,Mauritius
2019,3.012375903,Mauritius
2010,4.377203227,Mauritius
2011,4.854055111,Malawi
2012,1.885799507,Malawi
2013,5.199999997,Malawi
2014,5.700000004,Malawi
2015,2.8,Malawi
2016,2.484040625,Malawi
2017,4.000030517,Malawi
2018,4.391688296,Malawi
2019,5.448181336,Malawi
2010,6.874065633,Malawi
2011,5.293912834,Malaysia
2012,5.473454193,Malaysia
2013,4.693722526,Malaysia
2014,6.006721946,Malaysia
2015,5.091532422,Malaysia
2016,4.449781398,Malaysia
2017,5.81272241,Malaysia
2018,4.84305661,Malaysia
2019,4.439471288,Malaysia
2010,7.424847383,Malaysia
2011,1.674583897,North America
2012,2.207472889,North America
2013,1.880125793,North America
2014,2.551254841,North America
2015,2.880595844,North America
2016,1.654818141,North America
2017,2.388332081,North America
2018,2.978078505,North America
2019,2.138541211,North America
2010,2.602805571,North America
2011,5.091338139,Namibia
2012,5.06168207,Namibia
2013,5.614719623,Namibia
2014,6.09251916,Namibia
2015,4.264174538,Namibia
2016,0.03379445,Namibia
2017,-1.027250827,Namibia
2018,1.059943471,Namibia
2019,-0.88809916,Namibia
2010,6.03924948,Namibia
2011,2.357756936,Niger
2012,10.54894458,Niger
2013,5.315130636,Niger
2014,6.642136654,Niger
2015,4.392648832,Niger
2016,5.740893151,Niger
2017,5.001359945,Niger
2018,7.210803008,Niger
2019,5.941396863,Niger
2010,8.578166743,Niger
2011,5.307924204,Nigeria
2012,4.230061175,Nigeria
2013,6.671335393,Nigeria
2014,6.309718656,Nigeria
2015,2.652693295,Nigeria
2016,-1.61686895,Nigeria
2017,0.80588662,Nigeria
2018,1.922757342,Nigeria
2019,2.208429277,Nigeria
2010,8.005655915,Nigeria
2011,6.316709606,Nicaragua
2012,6.496026079,Nicaragua
2013,4.926825634,Nicaragua
2014,4.785847059,Nicaragua
2015,4.792086282,Nicaragua
2016,4.562954429,Nicaragua
2017,4.632533981,Nicaragua
2018,-3.363687646,Nicaragua
2019,-3.674794578,Nicaragua
2010,4.410481398,Nicaragua
2011,1.551189312,Netherlands
2012,-1.030353991,Netherlands
2013,-0.130175288,Netherlands
2014,1.423395395,Netherlands
2015,1.959169721,Netherlands
2016,2.191713719,Netherlands
2017,2.910902513,Netherlands
2018,2.360915095,Netherlands
2019,1.955588416,Netherlands
2010,1.342739336,Netherlands
2011,0.981434479,Norway
2012,2.703109471,Norway
2013,1.034072914,Norway
2014,1.969544301,Norway
2015,1.967128438,Norway
2016,1.071558977,Norway
2017,2.323290208,Norway
2018,1.118828479,Norway
2019,0.745798219,Norway
2010,0.701833824,Norway
2011,3.421828241,Nepal
2012,4.438493505,Nepal
2013,3.525153171,Nepal
2014,6.011482843,Nepal
2015,3.976053272,Nepal
2016,0.433113719,Nepal
2017,8.977279356,Nepal
2018,7.622376105,Nepal
2019,6.657055428,Nepal
2010,4.81641465,Nepal
2011,10,Nauru
2012,11.36363636,Nauru
2013,30.6122449,Nauru
2014,26.5625,Nauru
2015,3.703703704,Nauru
2016,3.571428571,Nauru
2017,-5.747126437,Nauru
2018,6.097560976,Nauru
2019,0,Nauru
2010,11.11111111,Nauru
2011,2.256736921,New Zealand
2012,2.24064087,New Zealand
2013,2.695783859,New Zealand
2014,3.813831016,New Zealand
2015,3.707375818,New Zealand
2016,3.730079893,New Zealand
2017,3.613281553,New Zealand
2018,3.20574788,New Zealand
2019,1.633932613,New Zealand
2010,1.527994135,New Zealand
2011,1.894266002,OECD members
2012,1.370908197,OECD members
2013,1.531700824,OECD members
2014,2.168042283,OECD members
2015,2.591315825,OECD members
2016,1.851697927,OECD members
2017,2.5089281,OECD members
2018,2.373009707,OECD members
2019,1.741390627,OECD members
2010,2.91887669,OECD members
2011,2.894609735,Oman
2012,8.863122256,Oman
2013,5.227704081,Oman
2014,1.292252294,Oman
2015,5.017057997,Oman
2016,5.046423946,Oman
2017,0.304057566,Oman
2018,1.287103915,Oman
2019,-1.129206457,Oman
2010,1.713985263,Oman
2011,7.53013143,Other small states
2012,3.573596557,Other small states
2013,3.713890602,Other small states
2014,3.789191724,Other small states
2015,3.087233632,Other small states
2016,2.985016112,Other small states
2017,1.237858633,Other small states
2018,2.209113589,Other small states
2019,2.096898089,Other small states
2010,8.644871694,Other small states
2011,2.748405917,Pakistan
2012,3.50703342,Pakistan
2013,4.396456633,Pakistan
2014,4.674707981,Pakistan
2015,4.731147475,Pakistan
2016,5.526735845,Pakistan
2017,5.554277437,Pakistan
2018,5.836417498,Pakistan
2019,1.144749605,Pakistan
2010,1.606688629,Pakistan
2011,11.31362625,Panama
2012,9.778827513,Panama
2013,6.903436769,Panama
2014,5.06661313,Panama
2015,5.73269026,Panama
2016,4.953434937,Panama
2017,5.591328274,Panama
2018,3.685344349,Panama
2019,2.979715461,Panama
2010,5.827993127,Panama
2011,6.327192402,Peru
2012,6.139724706,Peru
2013,5.852518211,Peru
2014,2.382157372,Peru
2015,3.252244772,Peru
2016,3.953318715,Peru
2017,2.518835442,Peru
2018,3.96915687,Peru
2019,2.203974749,Peru
2010,8.332459107,Peru
2011,3.858232827,Philippines
2012,6.896951711,Philippines
2013,6.750531302,Philippines
2014,6.347987483,Philippines
2015,6.348309717,Philippines
2016,7.14945675,Philippines
2017,6.930988326,Philippines
2018,6.341485571,Philippines
2019,6.118525663,Philippines
2010,7.33449996,Philippines
2011,6.683682862,Palau
2012,1.672602595,Palau
2013,-3.387316396,Palau
2014,6.293847377,Palau
2015,7.539069794,Palau
2016,-0.08336373,Palau
2017,-3.283788455,Palau
2018,-0.107219442,Palau
2019,-1.896243292,Palau
2010,0.216072674,Palau
2011,1.107543626,Papua New Guinea
2012,4.657119597,Papua New Guinea
2013,3.824946328,Papua New Guinea
2014,13.54377062,Papua New Guinea
2015,6.578356323,Papua New Guinea
2016,5.489573153,Papua New Guinea
2017,3.534610818,Papua New Guinea
2018,-0.279252285,Papua New Guinea
2019,4.480430608,Papua New Guinea
2010,10.12845407,Papua New Guinea
2011,4.757635638,Poland
2012,1.324896305,Poland
2013,1.125763386,Poland
2014,3.378581715,Poland
2015,4.23632685,Poland
2016,3.141725778,Poland
2017,4.830656005,Poland
2018,5.353703355,Poland
2019,4.744950156,Poland
2010,3.740521281,Poland
2011,4.265227378,Pre-demographic dividend
2012,4.316540167,Pre-demographic dividend
2013,5.886928352,Pre-demographic dividend
2014,5.081244048,Pre-demographic dividend
2015,3.194860006,Pre-demographic dividend
2016,2.299667203,Pre-demographic dividend
2017,1.566307674,Pre-demographic dividend
2018,2.532169677,Pre-demographic dividend
2019,3.293799931,Pre-demographic dividend
2010,6.505723149,Pre-demographic dividend
2011,-0.358510628,Puerto Rico
2012,0.02927511,Puerto Rico
2013,-0.306826657,Puerto Rico
2014,-1.190363454,Puerto Rico
2015,-1.049443651,Puerto Rico
2016,-1.263002925,Puerto Rico
2017,-2.885954759,Puerto Rico
2018,-4.147474747,Puerto Rico
2019,1.484814635,Puerto Rico
2010,-0.413254118,Puerto Rico
2011,-1.696164781,Portugal
2012,-4.057293608,Portugal
2013,-0.922644675,Portugal
2014,0.792190302,Portugal
2015,1.792046046,Portugal
2016,2.019485396,Portugal
2017,3.506345285,Portugal
2018,2.849325934,Portugal
2019,2.682759921,Portugal
2010,1.737625476,Portugal
2011,4.286371207,Paraguay
2012,-0.708043112,Paraguay
2013,8.293076489,Paraguay
2014,5.301238592,Paraguay
2015,2.957151735,Paraguay
2016,4.268025833,Paraguay
2017,4.810078856,Paraguay
2018,3.204250341,Paraguay
2019,-0.401855101,Paraguay
2010,11.09523127,Paraguay
2011,9.600808489,West Bank and Gaza
2012,6.096456563,West Bank and Gaza
2013,4.698569866,West Bank and Gaza
2014,-0.157866651,West Bank and Gaza
2015,3.721299671,West Bank and Gaza
2016,8.86461882,West Bank and Gaza
2017,1.419367563,West Bank and Gaza
2018,1.227077378,West Bank and Gaza
2019,1.362687466,West Bank and Gaza
2010,5.777362056,West Bank and Gaza
2011,3.837855832,Pacific island small states
2012,0.76017095,Pacific island small states
2013,3.299725915,Pacific island small states
2014,3.64043288,Pacific island small states
2015,3.665581888,Pacific island small states
2016,3.729491329,Pacific island small states
2017,4.348110547,Pacific island small states
2018,2.917547276,Pacific island small states
2019,0.911326114,Pacific island small states
2010,3.125260351,Pacific island small states
2011,1.684852059,Post-demographic dividend
2012,1.238211295,Post-demographic dividend
2013,1.404177937,Post-demographic dividend
2014,1.998171087,Post-demographic dividend
2015,2.302442181,Post-demographic dividend
2016,1.770852815,Post-demographic dividend
2017,2.381474518,Post-demographic dividend
2018,2.280491612,Post-demographic dividend
2019,1.7002241,Post-demographic dividend
2010,2.848759567,Post-demographic dividend
2011,13.37517641,Qatar
2012,4.730011844,Qatar
2013,5.556040643,Qatar
2014,5.334323292,Qatar
2015,4.753345724,Qatar
2016,3.064191884,Qatar
2017,-1.497604702,Qatar
2018,1.234872202,Qatar
2019,0.68824096,Qatar
2010,19.59233153,Qatar
2011,1.906067707,Romania
2012,2.040665131,Romania
2013,3.770962304,Romania
2014,3.608723653,Romania
2015,2.953674037,Romania
2016,4.702997747,Romania
2017,7.319448529,Romania
2018,4.474523775,Romania
2019,4.188260341,Romania
2010,-3.90123628,Romania
2011,4.300029186,Russian Federation
2012,4.024086157,Russian Federation
2013,1.755422149,Russian Federation
2014,0.736267221,Russian Federation
2015,-1.972719226,Russian Federation
2016,0.193690072,Russian Federation
2017,1.825790064,Russian Federation
2018,2.80724541,Russian Federation
2019,2.032982739,Russian Federation
2010,4.5,Russian Federation
2011,7.958406046,Rwanda
2012,8.641500169,Rwanda
2013,4.719854196,Rwanda
2014,6.167166701,Rwanda
2015,8.856844355,Rwanda
2016,5.970744298,Rwanda
2017,3.976289694,Rwanda
2018,8.579424541,Rwanda
2019,9.460682482,Rwanda
2010,7.334656108,Rwanda
2011,5.099033382,South Asia
2012,5.474354435,South Asia
2013,6.015779389,South Asia
2014,6.896913085,South Asia
2015,7.368698348,South Asia
2016,7.671463596,South Asia
2017,6.604851042,South Asia
2018,6.444305921,South Asia
2019,4.041559599,South Asia
2010,7.465722474,South Asia
2011,9.996846554,Saudi Arabia
2012,5.411444902,Saudi Arabia
2013,2.699254723,Saudi Arabia
2014,3.652481698,Saudi Arabia
2015,4.10640887,Saudi Arabia
2016,1.670624758,Saudi Arabia
2017,-0.741502653,Saudi Arabia
2018,2.434110781,Saudi Arabia
2019,0.331435729,Saudi Arabia
2010,5.039484027,Saudi Arabia
2011,-3.213532093,Sudan
2012,-17.0046884,Sudan
2013,1.955144633,Sudan
2014,4.661379542,Sudan
2015,1.910176891,Sudan
2016,3.467642184,Sudan
2017,0.709256285,Sudan
2018,-2.68093055,Sudan
2019,-2.178251045,Sudan
2010,3.858241952,Sudan
2011,1.33409108,Senegal
2012,4.002995551,Senegal
2013,2.412385276,Senegal
2014,6.224074438,Senegal
2015,6.367043651,Senegal
2016,6.356068572,Senegal
2017,7.407486186,Senegal
2018,6.209241034,Senegal
2019,4.402406836,Senegal
2010,3.390889253,Senegal
2011,6.337870814,Singapore
2012,4.461608951,Singapore
2013,4.837298646,Singapore
2014,3.938002729,Singapore
2015,2.988520676,Singapore
2016,3.329034458,Singapore
2017,4.520379476,Singapore
2018,3.497469601,Singapore
2019,1.345217486,Singapore
2010,14.52563899,Singapore
2011,7.2720469,Solomon Islands
2012,1.860465116,Solomon Islands
2013,5.331050228,Solomon Islands
2014,1.051262599,Solomon Islands
2015,1.415701416,Solomon Islands
2016,5.879864636,Solomon Islands
2017,5.343587695,Solomon Islands
2018,3.94424955,Solomon Islands
2019,1.204049986,Solomon Islands
2010,8.616718602,Solomon Islands
2011,6.315045036,Sierra Leone
2012,15.18176908,Sierra Leone
2013,20.71576829,Sierra Leone
2014,4.556772366,Sierra Leone
2015,-20.59877072,Sierra Leone
2016,6.055474029,Sierra Leone
2017,4.192610074,Sierra Leone
2018,3.46460214,Sierra Leone
2019,5.254241203,Sierra Leone
2010,5.346466052,Sierra Leone
2011,3.817056396,El Salvador
2012,2.815501822,El Salvador
2013,2.232142857,El Salvador
2014,1.710709945,El Salvador
2015,2.398973133,El Salvador
2016,2.545926086,El Salvador
2017,2.246670039,El Salvador
2018,2.432287587,El Salvador
2019,2.382581398,El Salvador
2010,2.106741573,El Salvador
2011,-8.314773571,San Marino
2012,-7.044534413,San Marino
2013,-0.783972125,San Marino
2014,-0.7023705,San Marino
2015,2.291505561,San Marino
2016,2.344405861,San Marino
2017,0.258265466,San Marino
2018,1.544761129,San Marino
2019,2.374701565,San Marino
2010,-5.473684211,San Marino
2011,2.036276689,Serbia
2012,-0.681542369,Serbia
2013,2.892636734,Serbia
2014,-1.58951032,Serbia
2015,1.806059265,Serbia
2016,3.338586765,Serbia
2017,2.101163847,Serbia
2018,4.495121293,Serbia
2019,4.331734906,Serbia
2010,0.731044553,Serbia
2011,4.37510325,Sub-Saharan Africa (excluding high income)
2012,3.362865156,Sub-Saharan Africa (excluding high income)
2013,5.10773252,Sub-Saharan Africa (excluding high income)
2014,4.857381588,Sub-Saharan Africa (excluding high income)
2015,2.842512068,Sub-Saharan Africa (excluding high income)
2016,1.160304232,Sub-Saharan Africa (excluding high income)
2017,2.439882906,Sub-Saharan Africa (excluding high income)
2018,2.689488452,Sub-Saharan Africa (excluding high income)
2019,2.578141208,Sub-Saharan Africa (excluding high income)
2010,5.931616697,Sub-Saharan Africa (excluding high income)
2011,4.377882413,Sub-Saharan Africa
2012,3.361145903,Sub-Saharan Africa
2013,5.10846196,Sub-Saharan Africa
2014,4.857097404,Sub-Saharan Africa
2015,2.84419481,Sub-Saharan Africa
2016,1.163092826,Sub-Saharan Africa
2017,2.441830081,Sub-Saharan Africa
2018,2.688693063,Sub-Saharan Africa
2019,2.576950475,Sub-Saharan Africa
2010,5.931635166,Sub-Saharan Africa
2011,6.264775049,Small states
2012,3.12063054,Small states
2013,3.168004672,Small states
2014,3.264722359,Small states
2015,2.766307639,Small states
2016,2.331413226,Small states
2017,1.121036834,Small states
2018,2.171712198,Small states
2019,1.843361974,Small states
2010,7.093712683,Small states
2011,4.398202015,Sao Tome and Principe
2012,3.14197646,Sao Tome and Principe
2013,4.814792654,Sao Tome and Principe
2014,6.549934955,Sao Tome and Principe
2015,3.911337989,Sao Tome and Principe
2016,4.164768974,Sao Tome and Principe
2017,3.848980918,Sao Tome and Principe
2018,2.945268909,Sao Tome and Principe
2019,2.210855833,Sao Tome and Principe
2010,6.671983657,Sao Tome and Principe
2011,5.849367672,Suriname
2012,2.690349747,Suriname
2013,2.933441652,Suriname
2014,0.255503032,Suriname
2015,-3.411096013,Suriname
2016,-4.915786469,Suriname
2017,1.567191065,Suriname
2018,4.948270766,Suriname
2019,1.098467778,Suriname
2010,5.168825152,Suriname
2011,2.637398428,Slovak Republic
2012,1.358226806,Slovak Republic
2013,0.654765294,Slovak Republic
2014,2.724373817,Slovak Republic
2015,5.215649803,Slovak Republic
2016,1.931680804,Slovak Republic
2017,2.980187073,Slovak Republic
2018,3.794410553,Slovak Republic
2019,2.605369328,Slovak Republic
2010,6.293285967,Slovak Republic
2011,0.861327733,Slovenia
2012,-2.639438757,Slovenia
2013,-1.029282772,Slovenia
2014,2.768158831,Slovenia
2015,2.210081607,Slovenia
2016,3.191852518,Slovenia
2017,4.815380632,Slovenia
2018,4.422521568,Slovenia
2019,3.250531336,Slovenia
2010,1.343748472,Slovenia
2011,3.195333235,Sweden
2012,-0.588304569,Sweden
2013,1.187775716,Sweden
2014,2.657798275,Sweden
2015,4.489281588,Sweden
2016,2.070593151,Sweden
2017,2.567924525,Sweden
2018,1.950022846,Sweden
2019,1.986195874,Sweden
2010,5.952107008,Sweden
2011,2.247229761,Eswatini
2012,5.396630697,Eswatini
2013,3.861213798,Eswatini
2014,0.923230547,Eswatini
2015,2.227480675,Eswatini
2016,1.062610193,Eswatini
2017,2.026578156,Eswatini
2018,2.371610521,Eswatini
2019,2.61303529,Eswatini
2010,3.793754968,Eswatini
2011,7.887279597,Seychelles
2012,1.260828834,Seychelles
2013,6.018076825,Seychelles
2014,4.504785244,Seychelles
2015,4.937385619,Seychelles
2016,4.562623278,Seychelles
2017,4.738360886,Seychelles
2018,1.771183467,Seychelles
2019,1.191005738,Seychelles
2010,5.954962469,Seychelles
2011,2.850002844,Syrian Arab Republic
2012,-26.33901708,Syrian Arab Republic
2013,-26.30008766,Syrian Arab Republic
2014,-10.31033991,Syrian Arab Republic
2015,-3.187281297,Syrian Arab Republic
2016,-5.63043805,Syrian Arab Republic
2017,-0.727486724,Syrian Arab Republic
2018,1.475766476,Syrian Arab Republic
2019,3.747775387,Syrian Arab Republic
2010,5.191905841,Syrian Arab Republic
2011,0.082869798,Chad
2012,8.882576072,Chad
2013,5.700001363,Chad
2014,6.899985045,Chad
2015,2.767675685,Chad
2016,-6.255527085,Chad
2017,-2.988695986,Chad
2018,2.3740378,Chad
2019,3.247181917,Chad
2010,13.55010086,Chad
2011,8.656235032,East Asia & Pacific (IDA & IBRD countries)
2012,7.57902252,East Asia & Pacific (IDA & IBRD countries)
2013,7.30047988,East Asia & Pacific (IDA & IBRD countries)
2014,6.980473514,East Asia & Pacific (IDA & IBRD countries)
2015,6.683566428,East Asia & Pacific (IDA & IBRD countries)
2016,6.579035014,East Asia & Pacific (IDA & IBRD countries)
2017,6.702805215,East Asia & Pacific (IDA & IBRD countries)
2018,6.515541853,East Asia & Pacific (IDA & IBRD countries)
2019,5.775833997,East Asia & Pacific (IDA & IBRD countries)
2010,9.935166904,East Asia & Pacific (IDA & IBRD countries)
2011,5.758227585,Europe & Central Asia (IDA & IBRD countries)
2012,3.434013675,Europe & Central Asia (IDA & IBRD countries)
2013,3.589501541,Europe & Central Asia (IDA & IBRD countries)
2014,2.259160773,Europe & Central Asia (IDA & IBRD countries)
2015,1.453474644,Europe & Central Asia (IDA & IBRD countries)
2016,1.962641173,Europe & Central Asia (IDA & IBRD countries)
2017,4.211475574,Europe & Central Asia (IDA & IBRD countries)
2018,3.508360617,Europe & Central Asia (IDA & IBRD countries)
2019,2.662220002,Europe & Central Asia (IDA & IBRD countries)
2010,4.744053604,Europe & Central Asia (IDA & IBRD countries)
2011,6.398199053,Togo
2012,6.543507029,Togo
2013,6.112343077,Togo
2014,5.920588573,Togo
2015,5.742868453,Togo
2016,5.559079305,Togo
2017,4.347748238,Togo
2018,4.9762131,Togo
2019,5.459921448,Togo
2010,6.099259163,Togo
2011,0.840132083,Thailand
2012,7.242796202,Thailand
2013,2.687495563,Thailand
2014,0.984468864,Thailand
2015,3.134047249,Thailand
2016,3.435157717,Thailand
2017,4.177681032,Thailand
2018,4.189585496,Thailand
2019,2.266433672,Thailand
2010,7.513390533,Thailand
2011,7.4000006,Tajikistan
2012,7.499999463,Tajikistan
2013,7.399999747,Tajikistan
2014,6.70000069,Tajikistan
2015,5.999999264,Tajikistan
2016,6.89999962,Tajikistan
2017,7.100001403,Tajikistan
2018,7.599999387,Tajikistan
2019,7.399999638,Tajikistan
2010,6.499999086,Tajikistan
2011,14.69999993,Turkmenistan
2012,11.09999996,Turkmenistan
2013,10.2000001,Turkmenistan
2014,10.29999997,Turkmenistan
2015,6.49999991,Turkmenistan
2016,6.199999966,Turkmenistan
2017,6.500000047,Turkmenistan
2018,6.199999941,Turkmenistan
2019,6.3,Turkmenistan
2010,9.199999988,Turkmenistan
2011,4.628887682,Latin America & the Caribbean (IDA & IBRD countries)
2012,2.581023944,Latin America & the Caribbean (IDA & IBRD countries)
2013,2.983071866,Latin America & the Caribbean (IDA & IBRD countries)
2014,1.428795065,Latin America & the Caribbean (IDA & IBRD countries)
2015,0.501629068,Latin America & the Caribbean (IDA & IBRD countries)
2016,-0.151234155,Latin America & the Caribbean (IDA & IBRD countries)
2017,1.984439359,Latin America & the Caribbean (IDA & IBRD countries)
2018,1.729455104,Latin America & the Caribbean (IDA & IBRD countries)
2019,0.800405257,Latin America & the Caribbean (IDA & IBRD countries)
2010,6.734016729,Latin America & the Caribbean (IDA & IBRD countries)
2011,5.956047328,Timor-Leste
2012,4.853364501,Timor-Leste
2013,3.068264529,Timor-Leste
2014,4.512039654,Timor-Leste
2015,2.76107911,Timor-Leste
2016,3.385306549,Timor-Leste
2017,-3.071099761,Timor-Leste
2018,-0.687542477,Timor-Leste
2019,19.53581024,Timor-Leste
2010,9.32942856,Timor-Leste
2011,-0.578539739,Middle East & North Africa (IDA & IBRD countries)
2012,1.819728579,Middle East & North Africa (IDA & IBRD countries)
2013,1.41645381,Middle East & North Africa (IDA & IBRD countries)
2014,2.008958,Middle East & North Africa (IDA & IBRD countries)
2015,0.629588265,Middle East & North Africa (IDA & IBRD countries)
2016,6.692319274,Middle East & North Africa (IDA & IBRD countries)
2017,2.831242058,Middle East & North Africa (IDA & IBRD countries)
2018,0.592702744,Middle East & North Africa (IDA & IBRD countries)
2019,0.548480373,Middle East & North Africa (IDA & IBRD countries)
2010,5.284598947,Middle East & North Africa (IDA & IBRD countries)
2011,6.818276144,Tonga
2012,0.823102718,Tonga
2013,0.312307909,Tonga
2014,2.01870046,Tonga
2015,1.171888256,Tonga
2016,6.571000501,Tonga
2017,3.322432544,Tonga
2018,0.300009404,Tonga
2019,0.734030017,Tonga
2010,0.803490183,Tonga
2011,5.099033382,South Asia (IDA & IBRD)
2012,5.474354435,South Asia (IDA & IBRD)
2013,6.015779389,South Asia (IDA & IBRD)
2014,6.896913085,South Asia (IDA & IBRD)
2015,7.368698348,South Asia (IDA & IBRD)
2016,7.671463596,South Asia (IDA & IBRD)
2017,6.604851042,South Asia (IDA & IBRD)
2018,6.444305921,South Asia (IDA & IBRD)
2019,4.041559599,South Asia (IDA & IBRD)
2010,7.465722474,South Asia (IDA & IBRD)
2011,4.377882413,Sub-Saharan Africa (IDA & IBRD countries)
2012,3.361145903,Sub-Saharan Africa (IDA & IBRD countries)
2013,5.10846196,Sub-Saharan Africa (IDA & IBRD countries)
2014,4.857097404,Sub-Saharan Africa (IDA & IBRD countries)
2015,2.84419481,Sub-Saharan Africa (IDA & IBRD countries)
2016,1.163092826,Sub-Saharan Africa (IDA & IBRD countries)
2017,2.441830081,Sub-Saharan Africa (IDA & IBRD countries)
2018,2.688693063,Sub-Saharan Africa (IDA & IBRD countries)
2019,2.576950475,Sub-Saharan Africa (IDA & IBRD countries)
2010,5.931635166,Sub-Saharan Africa (IDA & IBRD countries)
2011,-0.294354409,Trinidad and Tobago
2012,1.269964365,Trinidad and Tobago
2013,2.229074805,Trinidad and Tobago
2014,-0.912544969,Trinidad and Tobago
2015,1.483781034,Trinidad and Tobago
2016,-5.601818139,Trinidad and Tobago
2017,-2.987340197,Trinidad and Tobago
2018,0.066049775,Trinidad and Tobago
2019,-1.246427336,Trinidad and Tobago
2010,3.32322471,Trinidad and Tobago
2011,-1.664189085,Tunisia
2012,3.913275869,Tunisia
2013,2.14306442,Tunisia
2014,2.706608566,Tunisia
2015,1.000180784,Tunisia
2016,1.117425857,Tunisia
2017,2.244200968,Tunisia
2018,2.510907072,Tunisia
2019,1.401976676,Tunisia
2010,3.511164066,Tunisia
2011,11.20011058,Turkey
2012,4.788492711,Turkey
2013,8.485816997,Turkey
2014,4.939715161,Turkey
2015,6.084486904,Turkey
2016,3.323084208,Turkey
2017,7.501997489,Turkey
2018,2.979885235,Turkey
2019,0.889585161,Turkey
2010,8.427104323,Turkey
2011,7.515954206,Tuvalu
2012,-3.835748821,Tuvalu
2013,4.576823704,Tuvalu
2014,1.348012682,Tuvalu
2015,9.142893933,Tuvalu
2016,3.034723153,Tuvalu
2017,4.094017717,Tuvalu
2018,2.5,Tuvalu
2019,9.756097561,Tuvalu
2010,-2.729427912,Tuvalu
2011,7.672155435,Tanzania
2012,4.50015356,Tanzania
2013,6.781585601,Tanzania
2014,6.732461868,Tanzania
2015,6.160628774,Tanzania
2016,6.867116196,Tanzania
2017,6.785680114,Tanzania
2018,5.444967601,Tanzania
2019,5.799999977,Tanzania
2010,6.336523427,Tanzania
2011,9.391655493,Uganda
2012,3.837455606,Uganda
2013,3.586905826,Uganda
2014,5.106307324,Uganda
2015,5.187859863,Uganda
2016,4.781000291,Uganda
2017,3.131405518,Uganda
2018,6.303923781,Uganda
2019,6.438745034,Uganda
2010,5.637611638,Uganda
2011,5.445280813,Ukraine
2012,0.152314965,Ukraine
2013,0.045439094,Ukraine
2014,-10.07889498,Ukraine
2015,-9.772987211,Ukraine
2016,2.440981945,Ukraine
2017,2.359972281,Ukraine
2018,3.488362342,Ukraine
2019,3.199503862,Ukraine
2010,4.092004367,Ukraine
2011,6.93094704,Upper middle income
2012,5.827937551,Upper middle income
2013,5.612828813,Upper middle income
2014,4.74147051,Upper middle income
2015,4.2786624,Upper middle income
2016,4.234160565,Upper middle income
2017,5.205227428,Upper middle income
2018,4.925522073,Upper middle income
2019,4.120976557,Upper middle income
2010,8.278238313,Upper middle income
2011,5.162133029,Uruguay
2012,3.538178707,Uruguay
2013,4.637538641,Uruguay
2014,3.238791217,Uruguay
2015,0.370741265,Uruguay
2016,1.689798164,Uruguay
2017,1.627753973,Uruguay
2018,0.477907184,Uruguay
2019,0.350447153,Uruguay
2010,7.803409666,Uruguay
2011,1.550835505,United States
2012,2.249545852,United States
2013,1.842081071,United States
2014,2.525973446,United States
2015,3.07551465,United States
2016,1.711426774,United States
2017,2.332679395,United States
2018,2.996464352,United States
2019,2.161176515,United States
2010,2.56376656,United States
2011,7.525139894,Uzbekistan
2012,7.102444887,Uzbekistan
2013,7.29655037,Uzbekistan
2014,6.873838441,Uzbekistan
2015,7.218773508,Uzbekistan
2016,5.9321508,Uzbekistan
2017,4.395274633,Uzbekistan
2018,5.354996888,Uzbekistan
2019,5.709632222,Uzbekistan
2010,7.597167961,Uzbekistan
2011,-0.421116875,St. Vincent and the Grenadines
2012,1.379014464,St. Vincent and the Grenadines
2013,1.837857445,St. Vincent and the Grenadines
2014,1.211041852,St. Vincent and the Grenadines
2015,1.33145639,St. Vincent and the Grenadines
2016,1.898587636,St. Vincent and the Grenadines
2017,0.999772779,St. Vincent and the Grenadines
2018,2.159730034,St. Vincent and the Grenadines
2019,0.534023343,St. Vincent and the Grenadines
2010,-3.35100955,St. Vincent and the Grenadines
2011,-8.204245554,Virgin Islands (U.S.)
2012,-14.8125,Virgin Islands (U.S.)
2013,-6.285155295,Virgin Islands (U.S.)
2014,-1.774530271,Virgin Islands (U.S.)
2015,-0.425079702,Virgin Islands (U.S.)
2016,1.600853789,Virgin Islands (U.S.)
2017,-0.735294118,Virgin Islands (U.S.)
2018,1.587301587,Virgin Islands (U.S.)
2019,2.213541667,Virgin Islands (U.S.)
2010,0.596383224,Virgin Islands (U.S.)
2011,6.240302749,Vietnam
2012,5.247367156,Vietnam
2013,5.421882991,Vietnam
2014,5.983654637,Vietnam
2015,6.679288789,Vietnam
2016,6.210811668,Vietnam
2017,6.81224566,Vietnam
2018,7.075788617,Vietnam
2019,7.017434882,Vietnam
2010,6.423238217,Vietnam
2011,3.137874086,Vanuatu
2012,1.010029914,Vanuatu
2013,0.468608459,Vanuatu
2014,3.12624625,Vanuatu
2015,0.371578452,Vanuatu
2016,4.688677823,Vanuatu
2017,6.315604199,Vanuatu
2018,2.900230273,Vanuatu
2019,3.912534737,Vanuatu
2010,1.260681797,Vanuatu
2011,3.339730737,World
2012,2.673059736,World
2013,2.844854419,World
2014,3.117863209,World
2015,3.168372976,World
2016,2.825118027,World
2017,3.394423427,World
2018,3.269672697,World
2019,2.60087777,World
2010,4.494859958,World
2011,4.103640825,Samoa
2012,-4.084494013,Samoa
2013,-0.342327336,Samoa
2014,0.052170614,Samoa
2015,4.296880765,Samoa
2016,8.126249353,Samoa
2017,1.042433719,Samoa
2018,-1.233162407,Samoa
2019,4.379825545,Samoa
2010,0.467245822,Samoa
2011,6.319886223,Kosovo
2012,1.712195174,Kosovo
2013,5.340908175,Kosovo
2014,3.348804311,Kosovo
2015,5.916270444,Kosovo
2016,5.571756507,Kosovo
2017,4.825690427,Kosovo
2018,3.406631008,Kosovo
2019,4.756830619,Kosovo
2010,4.939924047,Kosovo
2011,3.168556279,South Africa
2012,2.396232385,South Africa
2013,2.485468008,South Africa
2014,1.413826452,South Africa
2015,1.321862237,South Africa
2016,0.664552308,South Africa
2017,1.157946952,South Africa
2018,1.487617373,South Africa
2019,0.113053697,South Africa
2010,3.039732881,South Africa
2011,5.564602337,Zambia
2012,7.597593211,Zambia
2013,5.05723174,Zambia
2014,4.697992363,Zambia
2015,2.920375112,Zambia
2016,3.776679146,Zambia
2017,3.504336096,Zambia
2018,4.034493897,Zambia
2019,1.441306026,Zambia
2010,10.29822332,Zambia
2011,14.19391296,Zimbabwe
2012,16.66542877,Zimbabwe
2013,1.989492762,Zimbabwe
2014,2.376929327,Zimbabwe
2015,1.779872703,Zimbabwe
2016,0.755869251,Zimbabwe
2017,4.709492179,Zimbabwe
2018,4.82421054,Zimbabwe
2019,-6.144236314,Zimbabwe
2010,19.67532314,Zimbabwe
